"","fn","ov_db","ov_dc","ov_de","threshold"
"1","1/as-22july06.gml",0.91304347826087,0.782608695652174,0.695652173913043,0.001
"2","1/as-22july06.gml",0.826086956521739,0.804347826086957,0.804347826086957,0.002
"3","1/as-22july06.gml",0.840579710144927,0.710144927536232,0.739130434782609,0.003
"4","1/as-22july06.gml",0.804347826086957,0.652173913043478,0.717391304347826,0.004
"5","1/as-22july06.gml",0.791304347826087,0.608695652173913,0.643478260869565,0.005
"6","1/as-22july06.gml",0.797101449275362,0.579710144927536,0.630434782608696,0.006
"7","1/as-22july06.gml",0.757763975155279,0.565217391304348,0.602484472049689,0.007
"8","1/as-22july06.gml",0.760869565217391,0.554347826086957,0.576086956521739,0.008
"9","1/as-22july06.gml",0.763285024154589,0.550724637681159,0.545893719806763,0.009
"10","1/as-22july06.gml",0.78695652173913,0.543478260869565,0.517391304347826,0.01
"11","1/as-22july06.gml",0.793478260869565,0.493478260869565,0.519565217391304,0.02
"12","1/as-22july06.gml",0.788098693759071,0.470246734397678,0.518142235123367,0.03
"13","1/as-22july06.gml",0.760609357997824,0.46354733405876,0.52557127312296,0.04
"14","1/as-22july06.gml",0.771105308964317,0.426457789382071,0.517841601392515,0.05
"15","1/as-22july06.gml",0.758345428156749,0.436865021770682,0.514513788098694,0.06
"16","1/as-22july06.gml",0.765547263681592,0.444651741293532,0.493781094527363,0.07
"17","1/as-22july06.gml",0.757889009793254,0.436887921653972,0.469532100108814,0.08
"18","1/as-22july06.gml",0.725205611998065,0.439283986453798,0.477503628447025,0.09
"19","1/as-22july06.gml",0.710491946016543,0.439268611232042,0.461471484545059,0.1
"20","1/as-caida20071015.txt",0.851851851851852,0.703703703703704,0.851851851851852,0.001
"21","1/as-caida20071015.txt",0.830188679245283,0.716981132075472,0.735849056603774,0.002
"22","1/as-caida20071015.txt",0.822784810126582,0.607594936708861,0.658227848101266,0.003
"23","1/as-caida20071015.txt",0.839622641509434,0.613207547169811,0.622641509433962,0.004
"24","1/as-caida20071015.txt",0.787878787878788,0.568181818181818,0.583333333333333,0.005
"25","1/as-caida20071015.txt",0.759493670886076,0.525316455696203,0.563291139240506,0.006
"26","1/as-caida20071015.txt",0.766304347826087,0.510869565217391,0.548913043478261,0.007
"27","1/as-caida20071015.txt",0.805687203791469,0.516587677725118,0.554502369668246,0.008
"28","1/as-caida20071015.txt",0.810126582278481,0.510548523206751,0.535864978902954,0.009
"29","1/as-caida20071015.txt",0.806083650190114,0.494296577946768,0.532319391634981,0.01
"30","1/as-caida20071015.txt",0.806083650190114,0.47148288973384,0.507604562737643,0.02
"31","1/as-caida20071015.txt",0.794416243654822,0.491116751269036,0.519035532994924,0.03
"32","1/as-caida20071015.txt",0.771646051379638,0.468125594671741,0.520456707897241,0.04
"33","1/as-caida20071015.txt",0.782939832444783,0.473724295506474,0.530845392231531,0.05
"34","1/as-caida20071015.txt",0.765228426395939,0.483502538071066,0.513959390862944,0.06
"35","1/as-caida20071015.txt",0.768352365415987,0.485046220772159,0.490483958673192,0.07
"36","1/as-caida20071015.txt",0.762970014278915,0.476439790575916,0.483579247977154,0.08
"37","1/as-caida20071015.txt",0.725888324873096,0.488155668358714,0.486463620981387,0.09
"38","1/as-caida20071015.txt",0.698019801980198,0.493526275704494,0.491622239146992,0.1
"39","1/as-caida20071022.txt",0.888888888888889,0.703703703703704,0,0.001
"40","1/as-caida20071022.txt",0.811320754716981,0.679245283018868,0,0.002
"41","1/as-caida20071022.txt",0.825,0.6125,0,0.003
"42","1/as-caida20071022.txt",0.80188679245283,0.60377358490566,0,0.004
"43","1/as-caida20071022.txt",0.787878787878788,0.568181818181818,0,0.005
"44","1/as-caida20071022.txt",0.767295597484277,0.528301886792453,0,0.006
"45","1/as-caida20071022.txt",0.762162162162162,0.540540540540541,0,0.007
"46","1/as-caida20071022.txt",0.805687203791469,0.516587677725118,0,0.008
"47","1/as-caida20071022.txt",0.80672268907563,0.495798319327731,0,0.009
"48","1/as-caida20071022.txt",0.810606060606061,0.496212121212121,0,0.01
"49","1/as-caida20071022.txt",0.801136363636364,0.46969696969697,0,0.02
"50","1/as-caida20071022.txt",0.805555555555556,0.476010101010101,0,0.03
"51","1/as-caida20071022.txt",0.776303317535545,0.446445497630332,0.000947867298578199,0.04
"52","1/as-caida20071022.txt",0.793783169067475,0.4579226686884,0.000758150113722517,0.05
"53","1/as-caida20071022.txt",0.776373973468099,0.471257106759318,0.00189513581806696,0.06
"54","1/as-caida20071022.txt",0.775731310942579,0.47453954496208,0.00216684723726977,0.07
"55","1/as-caida20071022.txt",0.766350710900474,0.459715639810427,0.0028436018957346,0.08
"56","1/as-caida20071022.txt",0.732940185341196,0.470935130581297,0.0029486099410278,0.09
"57","1/as-caida20071022.txt",0.700037921880925,0.472506636329162,0.00417140690178233,0.1
"58","1/as-caida20071029.txt",0.888888888888889,0.703703703703704,0.666666666666667,0.001
"59","1/as-caida20071029.txt",0.792452830188679,0.679245283018868,0.60377358490566,0.002
"60","1/as-caida20071029.txt",0.8125,0.625,0.45,0.003
"61","1/as-caida20071029.txt",0.820754716981132,0.60377358490566,0.377358490566038,0.004
"62","1/as-caida20071029.txt",0.787878787878788,0.553030303030303,0.325757575757576,0.005
"63","1/as-caida20071029.txt",0.792452830188679,0.509433962264151,0.289308176100629,0.006
"64","1/as-caida20071029.txt",0.767567567567568,0.502702702702703,0.259459459459459,0.007
"65","1/as-caida20071029.txt",0.797169811320755,0.504716981132076,0.235849056603774,0.008
"66","1/as-caida20071029.txt",0.802521008403361,0.5,0.222689075630252,0.009
"67","1/as-caida20071029.txt",0.806818181818182,0.496212121212121,0.208333333333333,0.01
"68","1/as-caida20071029.txt",0.797348484848485,0.462121212121212,0.142045454545455,0.02
"69","1/as-caida20071029.txt",0.803030303030303,0.467171717171717,0.138888888888889,0.03
"70","1/as-caida20071029.txt",0.784090909090909,0.456439393939394,0.130681818181818,0.04
"71","1/as-caida20071029.txt",0.797573919636088,0.456406368460955,0.127369219105383,0.05
"72","1/as-caida20071029.txt",0.774478837650032,0.474415666456096,0.123815540113708,0.06
"73","1/as-caida20071029.txt",0.769897130481862,0.476989713048186,0.126691932864104,0.07
"74","1/as-caida20071029.txt",0.765987683562293,0.468498342018001,0.13216485078162,0.08
"75","1/as-caida20071029.txt",0.730412805391744,0.474304970513901,0.140269587194608,0.09
"76","1/as-caida20071029.txt",0.697877179681577,0.479529946929492,0.145564821834723,0.1
"77","1/as-caida20071105.txt",0.888888888888889,0.703703703703704,0,0.001
"78","1/as-caida20071105.txt",0.792452830188679,0.660377358490566,0.0188679245283019,0.002
"79","1/as-caida20071105.txt",0.8125,0.6125,0.0125,0.003
"80","1/as-caida20071105.txt",0.820754716981132,0.594339622641509,0.0283018867924528,0.004
"81","1/as-caida20071105.txt",0.774436090225564,0.56390977443609,0.075187969924812,0.005
"82","1/as-caida20071105.txt",0.786163522012579,0.522012578616352,0.10062893081761,0.006
"83","1/as-caida20071105.txt",0.779569892473118,0.521505376344086,0.123655913978495,0.007
"84","1/as-caida20071105.txt",0.806603773584906,0.509433962264151,0.132075471698113,0.008
"85","1/as-caida20071105.txt",0.815899581589958,0.502092050209205,0.133891213389121,0.009
"86","1/as-caida20071105.txt",0.826415094339623,0.49811320754717,0.139622641509434,0.01
"87","1/as-caida20071105.txt",0.80188679245283,0.462264150943396,0.105660377358491,0.02
"88","1/as-caida20071105.txt",0.805031446540881,0.466666666666667,0.125786163522013,0.03
"89","1/as-caida20071105.txt",0.785646836638338,0.455146364494806,0.147308781869688,0.04
"90","1/as-caida20071105.txt",0.801359516616314,0.45392749244713,0.15785498489426,0.05
"91","1/as-caida20071105.txt",0.775959723096287,0.472624292007552,0.168030207677785,0.06
"92","1/as-caida20071105.txt",0.779395900755124,0.464401294498382,0.173678532901834,0.07
"93","1/as-caida20071105.txt",0.765344664778092,0.465533522190746,0.178470254957507,0.08
"94","1/as-caida20071105.txt",0.728913134704154,0.469995803608896,0.173310952580781,0.09
"95","1/as-caida20071105.txt",0.700906344410876,0.470921450151057,0.177492447129909,0.1
"96","1/as-caida20071112.txt",0.888888888888889,0.703703703703704,0,0.001
"97","1/as-caida20071112.txt",0.792452830188679,0.622641509433962,0,0.002
"98","1/as-caida20071112.txt",0.825,0.6,0,0.003
"99","1/as-caida20071112.txt",0.80188679245283,0.594339622641509,0,0.004
"100","1/as-caida20071112.txt",0.787878787878788,0.553030303030303,0,0.005
"101","1/as-caida20071112.txt",0.786163522012579,0.534591194968553,0,0.006
"102","1/as-caida20071112.txt",0.762162162162162,0.52972972972973,0,0.007
"103","1/as-caida20071112.txt",0.806603773584906,0.518867924528302,0,0.008
"104","1/as-caida20071112.txt",0.802521008403361,0.5,0,0.009
"105","1/as-caida20071112.txt",0.818181818181818,0.5,0,0.01
"106","1/as-caida20071112.txt",0.808712121212121,0.443181818181818,0,0.02
"107","1/as-caida20071112.txt",0.806818181818182,0.450757575757576,0,0.03
"108","1/as-caida20071112.txt",0.791666666666667,0.448863636363636,0.000946969696969697,0.04
"109","1/as-caida20071112.txt",0.796969696969697,0.447727272727273,0.00151515151515152,0.05
"110","1/as-caida20071112.txt",0.78219696969697,0.457070707070707,0.00126262626262626,0.06
"111","1/as-caida20071112.txt",0.775974025974026,0.451298701298701,0.00108225108225108,0.07
"112","1/as-caida20071112.txt",0.769412878787879,0.450757575757576,0.00189393939393939,0.08
"113","1/as-caida20071112.txt",0.734006734006734,0.46043771043771,0.00294612794612795,0.09
"114","1/as-caida20071112.txt",0.697233800682077,0.452823039029936,0.00568397120121258,0.1
"115","1/as19991115.txt",0.857142857142857,0.714285714285714,0.857142857142857,0.001
"116","1/as19991115.txt",0.769230769230769,0.769230769230769,0.846153846153846,0.002
"117","1/as19991115.txt",0.789473684210526,0.736842105263158,0.842105263157895,0.003
"118","1/as19991115.txt",0.92,0.68,0.72,0.004
"119","1/as19991115.txt",0.8125,0.59375,0.6875,0.005
"120","1/as19991115.txt",0.763157894736842,0.605263157894737,0.684210526315789,0.006
"121","1/as19991115.txt",0.818181818181818,0.568181818181818,0.636363636363636,0.007
"122","1/as19991115.txt",0.82,0.6,0.6,0.008
"123","1/as19991115.txt",0.785714285714286,0.571428571428571,0.571428571428571,0.009
"124","1/as19991115.txt",0.777777777777778,0.53968253968254,0.53968253968254,0.01
"125","1/as19991115.txt",0.888,0.472,0.424,0.02
"126","1/as19991115.txt",0.834224598930481,0.443850267379679,0.438502673796791,0.03
"127","1/as19991115.txt",0.823293172690763,0.405622489959839,0.393574297188755,0.04
"128","1/as19991115.txt",0.839228295819936,0.363344051446945,0.385852090032154,0.05
"129","1/as19991115.txt",0.815013404825737,0.335120643431635,0.372654155495979,0.06
"130","1/as19991115.txt",0.770114942528736,0.354022988505747,0.358620689655172,0.07
"131","1/as19991115.txt",0.782696177062374,0.352112676056338,0.362173038229376,0.08
"132","1/as19991115.txt",0.76386404293381,0.348837209302326,0.354203935599284,0.09
"133","1/as19991115.txt",0.753623188405797,0.351046698872786,0.35426731078905,0.1
"134","1/as19991116.txt",0.857142857142857,0.714285714285714,1,0.001
"135","1/as19991116.txt",0.769230769230769,0.769230769230769,0.769230769230769,0.002
"136","1/as19991116.txt",0.842105263157895,0.736842105263158,0.578947368421053,0.003
"137","1/as19991116.txt",0.92,0.68,0.44,0.004
"138","1/as19991116.txt",0.8125,0.625,0.375,0.005
"139","1/as19991116.txt",0.789473684210526,0.631578947368421,0.315789473684211,0.006
"140","1/as19991116.txt",0.795454545454545,0.568181818181818,0.318181818181818,0.007
"141","1/as19991116.txt",0.8,0.6,0.28,0.008
"142","1/as19991116.txt",0.785714285714286,0.571428571428571,0.267857142857143,0.009
"143","1/as19991116.txt",0.777777777777778,0.53968253968254,0.238095238095238,0.01
"144","1/as19991116.txt",0.872,0.48,0.184,0.02
"145","1/as19991116.txt",0.844919786096257,0.438502673796791,0.171122994652406,0.03
"146","1/as19991116.txt",0.827309236947791,0.401606425702811,0.168674698795181,0.04
"147","1/as19991116.txt",0.826366559485531,0.356913183279743,0.163987138263666,0.05
"148","1/as19991116.txt",0.81769436997319,0.340482573726542,0.163538873994638,0.06
"149","1/as19991116.txt",0.774712643678161,0.363218390804598,0.170114942528736,0.07
"150","1/as19991116.txt",0.779116465863454,0.355421686746988,0.168674698795181,0.08
"151","1/as19991116.txt",0.755357142857143,0.351785714285714,0.167857142857143,0.09
"152","1/as19991116.txt",0.739549839228296,0.352090032154341,0.162379421221865,0.1
"153","1/as19991118.txt",0.857142857142857,0.714285714285714,0.857142857142857,0.001
"154","1/as19991118.txt",0.769230769230769,0.769230769230769,0.846153846153846,0.002
"155","1/as19991118.txt",0.789473684210526,0.736842105263158,0.842105263157895,0.003
"156","1/as19991118.txt",0.88,0.68,0.72,0.004
"157","1/as19991118.txt",0.8125,0.625,0.6875,0.005
"158","1/as19991118.txt",0.789473684210526,0.631578947368421,0.657894736842105,0.006
"159","1/as19991118.txt",0.818181818181818,0.590909090909091,0.636363636363636,0.007
"160","1/as19991118.txt",0.82,0.6,0.6,0.008
"161","1/as19991118.txt",0.771929824561403,0.56140350877193,0.596491228070175,0.009
"162","1/as19991118.txt",0.777777777777778,0.53968253968254,0.555555555555556,0.01
"163","1/as19991118.txt",0.888,0.464,0.44,0.02
"164","1/as19991118.txt",0.834224598930481,0.438502673796791,0.433155080213904,0.03
"165","1/as19991118.txt",0.832,0.408,0.392,0.04
"166","1/as19991118.txt",0.82051282051282,0.362179487179487,0.375,0.05
"167","1/as19991118.txt",0.802139037433155,0.347593582887701,0.366310160427808,0.06
"168","1/as19991118.txt",0.775743707093821,0.37070938215103,0.366132723112128,0.07
"169","1/as19991118.txt",0.775551102204409,0.352705410821643,0.362725450901804,0.08
"170","1/as19991118.txt",0.762923351158645,0.35650623885918,0.361853832442068,0.09
"171","1/as19991118.txt",0.738782051282051,0.349358974358974,0.357371794871795,0.1
"172","1/as19991204.txt",0.857142857142857,0.714285714285714,0.857142857142857,0.001
"173","1/as19991204.txt",0.692307692307692,0.769230769230769,0.846153846153846,0.002
"174","1/as19991204.txt",0.894736842105263,0.789473684210526,0.789473684210526,0.003
"175","1/as19991204.txt",0.846153846153846,0.730769230769231,0.730769230769231,0.004
"176","1/as19991204.txt",0.8125,0.625,0.65625,0.005
"177","1/as19991204.txt",0.789473684210526,0.552631578947368,0.605263157894737,0.006
"178","1/as19991204.txt",0.822222222222222,0.533333333333333,0.555555555555556,0.007
"179","1/as19991204.txt",0.784313725490196,0.549019607843137,0.549019607843137,0.008
"180","1/as19991204.txt",0.807017543859649,0.526315789473684,0.526315789473684,0.009
"181","1/as19991204.txt",0.777777777777778,0.53968253968254,0.555555555555556,0.01
"182","1/as19991204.txt",0.857142857142857,0.476190476190476,0.452380952380952,0.02
"183","1/as19991204.txt",0.841269841269841,0.412698412698413,0.407407407407407,0.03
"184","1/as19991204.txt",0.833333333333333,0.384920634920635,0.369047619047619,0.04
"185","1/as19991204.txt",0.806349206349206,0.352380952380952,0.368253968253968,0.05
"186","1/as19991204.txt",0.798941798941799,0.338624338624339,0.354497354497354,0.06
"187","1/as19991204.txt",0.782312925170068,0.353741496598639,0.349206349206349,0.07
"188","1/as19991204.txt",0.76984126984127,0.341269841269841,0.341269841269841,0.08
"189","1/as19991204.txt",0.763668430335097,0.352733686067019,0.35978835978836,0.09
"190","1/as19991204.txt",0.757142857142857,0.346031746031746,0.357142857142857,0.1
"191","1/as19991205.txt",0.857142857142857,0.714285714285714,1,0.001
"192","1/as19991205.txt",0.692307692307692,0.692307692307692,0.692307692307692,0.002
"193","1/as19991205.txt",0.894736842105263,0.789473684210526,0.526315789473684,0.003
"194","1/as19991205.txt",0.807692307692308,0.692307692307692,0.423076923076923,0.004
"195","1/as19991205.txt",0.8125,0.59375,0.34375,0.005
"196","1/as19991205.txt",0.815789473684211,0.552631578947368,0.342105263157895,0.006
"197","1/as19991205.txt",0.8,0.533333333333333,0.288888888888889,0.007
"198","1/as19991205.txt",0.784313725490196,0.549019607843137,0.274509803921569,0.008
"199","1/as19991205.txt",0.789473684210526,0.526315789473684,0.263157894736842,0.009
"200","1/as19991205.txt",0.793650793650794,0.523809523809524,0.238095238095238,0.01
"201","1/as19991205.txt",0.880952380952381,0.476190476190476,0.198412698412698,0.02
"202","1/as19991205.txt",0.841269841269841,0.412698412698413,0.19047619047619,0.03
"203","1/as19991205.txt",0.829365079365079,0.392857142857143,0.178571428571429,0.04
"204","1/as19991205.txt",0.80952380952381,0.355555555555556,0.171428571428571,0.05
"205","1/as19991205.txt",0.801587301587302,0.341269841269841,0.182539682539683,0.06
"206","1/as19991205.txt",0.780045351473923,0.356009070294785,0.1859410430839,0.07
"207","1/as19991205.txt",0.775793650793651,0.343253968253968,0.188492063492063,0.08
"208","1/as19991205.txt",0.770723104056437,0.352733686067019,0.19047619047619,0.09
"209","1/as19991205.txt",0.761526232114467,0.348171701112878,0.186009538950715,0.1
"210","1/as19991206.txt",0.857142857142857,0.714285714285714,1,0.001
"211","1/as19991206.txt",0.692307692307692,0.692307692307692,0.692307692307692,0.002
"212","1/as19991206.txt",0.894736842105263,0.789473684210526,0.526315789473684,0.003
"213","1/as19991206.txt",0.846153846153846,0.730769230769231,0.423076923076923,0.004
"214","1/as19991206.txt",0.8125,0.625,0.34375,0.005
"215","1/as19991206.txt",0.815789473684211,0.552631578947368,0.342105263157895,0.006
"216","1/as19991206.txt",0.8,0.555555555555556,0.288888888888889,0.007
"217","1/as19991206.txt",0.784313725490196,0.549019607843137,0.274509803921569,0.008
"218","1/as19991206.txt",0.789473684210526,0.526315789473684,0.263157894736842,0.009
"219","1/as19991206.txt",0.796875,0.53125,0.234375,0.01
"220","1/as19991206.txt",0.866141732283465,0.47244094488189,0.188976377952756,0.02
"221","1/as19991206.txt",0.842105263157895,0.410526315789474,0.178947368421053,0.03
"222","1/as19991206.txt",0.826086956521739,0.391304347826087,0.177865612648221,0.04
"223","1/as19991206.txt",0.810126582278481,0.357594936708861,0.174050632911392,0.05
"224","1/as19991206.txt",0.810026385224274,0.329815303430079,0.184696569920844,0.06
"225","1/as19991206.txt",0.791855203619909,0.355203619909502,0.187782805429864,0.07
"226","1/as19991206.txt",0.774257425742574,0.342574257425743,0.19009900990099,0.08
"227","1/as19991206.txt",0.767605633802817,0.355633802816901,0.190140845070423,0.09
"228","1/as19991206.txt",0.768621236133122,0.351822503961965,0.187004754358162,0.1
"229","1/as20000102.txt",0.857142857142857,0.714285714285714,1,0.001
"230","1/as20000102.txt",0.692307692307692,0.615384615384615,0.615384615384615,0.002
"231","1/as20000102.txt",0.85,0.8,0.5,0.003
"232","1/as20000102.txt",0.884615384615385,0.730769230769231,0.423076923076923,0.004
"233","1/as20000102.txt",0.818181818181818,0.636363636363636,0.333333333333333,0.005
"234","1/as20000102.txt",0.794871794871795,0.564102564102564,0.333333333333333,0.006
"235","1/as20000102.txt",0.782608695652174,0.521739130434783,0.282608695652174,0.007
"236","1/as20000102.txt",0.769230769230769,0.519230769230769,0.269230769230769,0.008
"237","1/as20000102.txt",0.76271186440678,0.508474576271186,0.254237288135593,0.009
"238","1/as20000102.txt",0.769230769230769,0.492307692307692,0.246153846153846,0.01
"239","1/as20000102.txt",0.853846153846154,0.453846153846154,0.176923076923077,0.02
"240","1/as20000102.txt",0.835897435897436,0.4,0.174358974358974,0.03
"241","1/as20000102.txt",0.826254826254826,0.393822393822394,0.166023166023166,0.04
"242","1/as20000102.txt",0.808641975308642,0.367283950617284,0.16358024691358,0.05
"243","1/as20000102.txt",0.802056555269923,0.347043701799486,0.161953727506427,0.06
"244","1/as20000102.txt",0.788546255506608,0.359030837004405,0.167400881057269,0.07
"245","1/as20000102.txt",0.777992277992278,0.335907335907336,0.17953667953668,0.08
"246","1/as20000102.txt",0.76843910806175,0.355060034305317,0.183533447684391,0.09
"247","1/as20000102.txt",0.759259259259259,0.354938271604938,0.188271604938272,0.1
"248","1/astro-ph.gml",0.705882352941177,0.705882352941177,0.823529411764706,0.001
"249","1/astro-ph.gml",0.588235294117647,0.588235294117647,0.558823529411765,0.002
"250","1/astro-ph.gml",0.568627450980392,0.686274509803922,0.450980392156863,0.003
"251","1/astro-ph.gml",0.582089552238806,0.671641791044776,0.402985074626866,0.004
"252","1/astro-ph.gml",0.523809523809524,0.630952380952381,0.452380952380952,0.005
"253","1/astro-ph.gml",0.524752475247525,0.613861386138614,0.445544554455446,0.006
"254","1/astro-ph.gml",0.495726495726496,0.623931623931624,0.487179487179487,0.007
"255","1/astro-ph.gml",0.462686567164179,0.604477611940298,0.529850746268657,0.008
"256","1/astro-ph.gml",0.463576158940397,0.622516556291391,0.52317880794702,0.009
"257","1/astro-ph.gml",0.488095238095238,0.636904761904762,0.505952380952381,0.01
"258","1/astro-ph.gml",0.483582089552239,0.614925373134328,0.540298507462687,0.02
"259","1/astro-ph.gml",0.50199203187251,0.641434262948207,0.527888446215139,0.03
"260","1/astro-ph.gml",0.500747384155456,0.665171898355755,0.557548579970105,0.04
"261","1/astro-ph.gml",0.511961722488038,0.631578947368421,0.584928229665072,0.05
"262","1/astro-ph.gml",0.515453639082752,0.633100697906281,0.602193419740778,0.06
"263","1/astro-ph.gml",0.511111111111111,0.617948717948718,0.576068376068376,0.07
"264","1/astro-ph.gml",0.516828721017203,0.614809274495138,0.572176514584891,0.08
"265","1/astro-ph.gml",0.517952127659574,0.623670212765957,0.575797872340426,0.09
"266","1/astro-ph.gml",0.521244763614602,0.638539796529024,0.609216038300419,0.1
"267","1/bo.dat.txt",0.5,0.5,0,0.001
"268","1/bo.dat.txt",0.75,0.5,0,0.002
"269","1/bo.dat.txt",0.666666666666667,0.5,0,0.003
"270","1/bo.dat.txt",0.875,0.375,0,0.004
"271","1/bo.dat.txt",0.8,0.4,0,0.005
"272","1/bo.dat.txt",0.916666666666667,0.333333333333333,0,0.006
"273","1/bo.dat.txt",0.785714285714286,0.285714285714286,0,0.007
"274","1/bo.dat.txt",0.733333333333333,0.333333333333333,0,0.008
"275","1/bo.dat.txt",0.647058823529412,0.294117647058824,0,0.009
"276","1/bo.dat.txt",0.578947368421053,0.315789473684211,0,0.01
"277","1/bo.dat.txt",0.578947368421053,0.263157894736842,0,0.02
"278","1/bo.dat.txt",0.56140350877193,0.350877192982456,0,0.03
"279","1/bo.dat.txt",0.586666666666667,0.373333333333333,0,0.04
"280","1/bo.dat.txt",0.659574468085106,0.372340425531915,0,0.05
"281","1/bo.dat.txt",0.654867256637168,0.371681415929204,0,0.06
"282","1/bo.dat.txt",0.679389312977099,0.404580152671756,0,0.07
"283","1/bo.dat.txt",0.7,0.453333333333333,0,0.08
"284","1/bo.dat.txt",0.674556213017751,0.449704142011834,0,0.09
"285","1/bo.dat.txt",0.679144385026738,0.486631016042781,0.0053475935828877,0.1
"286","1/CA-AstroPh.txt",0.473684210526316,0.842105263157895,0,0.001
"287","1/CA-AstroPh.txt",0.684210526315789,0.842105263157895,0,0.002
"288","1/CA-AstroPh.txt",0.631578947368421,0.807017543859649,0,0.003
"289","1/CA-AstroPh.txt",0.565789473684211,0.75,0,0.004
"290","1/CA-AstroPh.txt",0.542553191489362,0.776595744680851,0,0.005
"291","1/CA-AstroPh.txt",0.530973451327434,0.787610619469027,0,0.006
"292","1/CA-AstroPh.txt",0.515151515151515,0.795454545454545,0,0.007
"293","1/CA-AstroPh.txt",0.509933774834437,0.774834437086093,0,0.008
"294","1/CA-AstroPh.txt",0.514792899408284,0.745562130177515,0,0.009
"295","1/CA-AstroPh.txt",0.48936170212766,0.734042553191489,0,0.01
"296","1/CA-AstroPh.txt",0.523936170212766,0.763297872340426,0,0.02
"297","1/CA-AstroPh.txt",0.533687943262411,0.767730496453901,0,0.03
"298","1/CA-AstroPh.txt",0.55392809587217,0.757656458055925,0,0.04
"299","1/CA-AstroPh.txt",0.550585729499467,0.75825346112886,0,0.05
"300","1/CA-AstroPh.txt",0.56433007985803,0.751552795031056,0,0.06
"301","1/CA-AstroPh.txt",0.571102661596958,0.74828897338403,0,0.07
"302","1/CA-AstroPh.txt",0.589214380825566,0.75832223701731,0,0.08
"303","1/CA-AstroPh.txt",0.602958579881657,0.763905325443787,0,0.09
"304","1/CA-AstroPh.txt",0.613418530351438,0.77209797657082,0,0.1
"305","1/CA-CondMat.txt",0.5,0.541666666666667,0.333333333333333,0.001
"306","1/CA-CondMat.txt",0.51063829787234,0.51063829787234,0.382978723404255,0.002
"307","1/CA-CondMat.txt",0.557142857142857,0.485714285714286,0.414285714285714,0.003
"308","1/CA-CondMat.txt",0.591397849462366,0.537634408602151,0.419354838709677,0.004
"309","1/CA-CondMat.txt",0.603448275862069,0.594827586206897,0.413793103448276,0.005
"310","1/CA-CondMat.txt",0.589928057553957,0.640287769784173,0.41726618705036,0.006
"311","1/CA-CondMat.txt",0.604938271604938,0.666666666666667,0.450617283950617,0.007
"312","1/CA-CondMat.txt",0.60752688172043,0.661290322580645,0.446236559139785,0.008
"313","1/CA-CondMat.txt",0.588516746411483,0.631578947368421,0.454545454545455,0.009
"314","1/CA-CondMat.txt",0.603448275862069,0.637931034482759,0.452586206896552,0.01
"315","1/CA-CondMat.txt",0.613390928725702,0.591792656587473,0.49244060475162,0.02
"316","1/CA-CondMat.txt",0.636887608069164,0.597982708933718,0.494236311239193,0.03
"317","1/CA-CondMat.txt",0.631749460043197,0.595032397408207,0.497840172786177,0.04
"318","1/CA-CondMat.txt",0.641313742437338,0.598962834917891,0.49438202247191,0.05
"319","1/CA-CondMat.txt",0.652017291066282,0.601585014409222,0.502881844380404,0.06
"320","1/CA-CondMat.txt",0.660493827160494,0.619753086419753,0.504320987654321,0.07
"321","1/CA-CondMat.txt",0.670448406266883,0.628309022150189,0.51269584008644,0.08
"322","1/CA-CondMat.txt",0.666666666666667,0.634005763688761,0.518731988472622,0.09
"323","1/CA-CondMat.txt",0.665082108902334,0.636560069144339,0.52895419187554,0.1
"324","1/CA-GrQc.txt",0,0.166666666666667,0.5,0.001
"325","1/CA-GrQc.txt",0.0909090909090909,0.363636363636364,0.545454545454545,0.002
"326","1/CA-GrQc.txt",0.0625,0.3125,0.9375,0.003
"327","1/CA-GrQc.txt",0.0476190476190476,0.333333333333333,0.857142857142857,0.004
"328","1/CA-GrQc.txt",0.037037037037037,0.296296296296296,0.851851851851852,0.005
"329","1/CA-GrQc.txt",0.0625,0.28125,0.90625,0.006
"330","1/CA-GrQc.txt",0.108108108108108,0.351351351351351,0.864864864864865,0.007
"331","1/CA-GrQc.txt",0.142857142857143,0.404761904761905,0.857142857142857,0.008
"332","1/CA-GrQc.txt",0.125,0.395833333333333,0.916666666666667,0.009
"333","1/CA-GrQc.txt",0.132075471698113,0.433962264150943,0.886792452830189,0.01
"334","1/CA-GrQc.txt",0.171428571428571,0.485714285714286,0.447619047619048,0.02
"335","1/CA-GrQc.txt",0.259493670886076,0.449367088607595,0.354430379746835,0.03
"336","1/CA-GrQc.txt",0.323809523809524,0.428571428571429,0.319047619047619,0.04
"337","1/CA-GrQc.txt",0.372623574144487,0.460076045627376,0.304182509505703,0.05
"338","1/CA-GrQc.txt",0.419047619047619,0.453968253968254,0.307936507936508,0.06
"339","1/CA-GrQc.txt",0.4141689373297,0.457765667574932,0.337874659400545,0.07
"340","1/CA-GrQc.txt",0.45952380952381,0.461904761904762,0.345238095238095,0.08
"341","1/CA-GrQc.txt",0.455508474576271,0.459745762711864,0.372881355932203,0.09
"342","1/CA-GrQc.txt",0.485714285714286,0.474285714285714,0.39047619047619,0.1
"343","1/CA-HepPh.txt",0,0.615384615384615,0,0.001
"344","1/CA-HepPh.txt",0.04,0.76,0,0.002
"345","1/CA-HepPh.txt",0.135135135135135,0.702702702702703,0,0.003
"346","1/CA-HepPh.txt",0.163265306122449,0.775510204081633,0,0.004
"347","1/CA-HepPh.txt",0.180327868852459,0.786885245901639,0,0.005
"348","1/CA-HepPh.txt",0.232876712328767,0.794520547945205,0,0.006
"349","1/CA-HepPh.txt",0.270588235294118,0.835294117647059,0,0.007
"350","1/CA-HepPh.txt",0.268041237113402,0.845360824742268,0,0.008
"351","1/CA-HepPh.txt",0.238532110091743,0.871559633027523,0,0.009
"352","1/CA-HepPh.txt",0.264462809917355,0.87603305785124,0,0.01
"353","1/CA-HepPh.txt",0.261410788381743,0.950207468879668,0,0.02
"354","1/CA-HepPh.txt",0.371191135734072,0.908587257617729,0,0.03
"355","1/CA-HepPh.txt",0.399168399168399,0.83991683991684,0,0.04
"356","1/CA-HepPh.txt",0.381031613976705,0.815307820299501,0,0.05
"357","1/CA-HepPh.txt",0.371705963938974,0.87378640776699,0,0.06
"358","1/CA-HepPh.txt",0.380499405469679,0.851367419738407,0,0.07
"359","1/CA-HepPh.txt",0.393340270551509,0.852237252861602,0,0.08
"360","1/CA-HepPh.txt",0.408880666049954,0.808510638297872,0,0.09
"361","1/CA-HepPh.txt",0.403830141548709,0.805162364696087,0,0.1
"362","1/CA-HepTh.txt",0.5,0.3,0,0.001
"363","1/CA-HepTh.txt",0.35,0.5,0.05,0.002
"364","1/CA-HepTh.txt",0.433333333333333,0.7,0.0333333333333333,0.003
"365","1/CA-HepTh.txt",0.5,0.7,0.025,0.004
"366","1/CA-HepTh.txt",0.56,0.66,0.04,0.005
"367","1/CA-HepTh.txt",0.55,0.683333333333333,0.05,0.006
"368","1/CA-HepTh.txt",0.542857142857143,0.642857142857143,0.0714285714285714,0.007
"369","1/CA-HepTh.txt",0.575,0.625,0.0875,0.008
"370","1/CA-HepTh.txt",0.584269662921348,0.651685393258427,0.112359550561798,0.009
"371","1/CA-HepTh.txt",0.595959595959596,0.646464646464647,0.141414141414141,0.01
"372","1/CA-HepTh.txt",0.575757575757576,0.606060606060606,0.272727272727273,0.02
"373","1/CA-HepTh.txt",0.599326599326599,0.599326599326599,0.31986531986532,0.03
"374","1/CA-HepTh.txt",0.595959595959596,0.565656565656566,0.361111111111111,0.04
"375","1/CA-HepTh.txt",0.635627530364372,0.593117408906883,0.396761133603239,0.05
"376","1/CA-HepTh.txt",0.647554806070826,0.600337268128162,0.406408094435076,0.06
"377","1/CA-HepTh.txt",0.673410404624277,0.615606936416185,0.417630057803468,0.07
"378","1/CA-HepTh.txt",0.676359039190898,0.629582806573957,0.433628318584071,0.08
"379","1/CA-HepTh.txt",0.686164229471316,0.646794150731159,0.438695163104612,0.09
"380","1/CA-HepTh.txt",0.69331983805668,0.65080971659919,0.447368421052632,0.1
"381","1/cAA.dat.gz.txt",1,0.5,0,0.001
"382","1/cAA.dat.gz.txt",0.666666666666667,0.333333333333333,0,0.002
"383","1/cAA.dat.gz.txt",0.75,0.5,0,0.003
"384","1/cAA.dat.gz.txt",1,0.4,0,0.004
"385","1/cAA.dat.gz.txt",1,0.5,0,0.005
"386","1/cAA.dat.gz.txt",0.857142857142857,0.428571428571429,0,0.006
"387","1/cAA.dat.gz.txt",0.875,0.375,0,0.007
"388","1/cAA.dat.gz.txt",0.888888888888889,0.333333333333333,0,0.008
"389","1/cAA.dat.gz.txt",0.9,0.3,0,0.009
"390","1/cAA.dat.gz.txt",0.909090909090909,0.272727272727273,0,0.01
"391","1/cAA.dat.gz.txt",0.727272727272727,0.318181818181818,0,0.02
"392","1/cAA.dat.gz.txt",0.59375,0.25,0,0.03
"393","1/cAA.dat.gz.txt",0.558139534883721,0.209302325581395,0,0.04
"394","1/cAA.dat.gz.txt",0.547169811320755,0.245283018867925,0.0754716981132075,0.05
"395","1/cAA.dat.gz.txt",0.5,0.203125,0.0625,0.06
"396","1/cAA.dat.gz.txt",0.459459459459459,0.202702702702703,0.0810810810810811,0.07
"397","1/cAA.dat.gz.txt",0.411764705882353,0.2,0.0705882352941176,0.08
"398","1/cAA.dat.gz.txt",0.385416666666667,0.197916666666667,0.0625,0.09
"399","1/cAA.dat.gz.txt",0.415094339622642,0.245283018867925,0.0754716981132075,0.1
"400","1/cBB.dat.gz.txt",0,1,0,0.001
"401","1/cBB.dat.gz.txt",0,1,0,0.002
"402","1/cBB.dat.gz.txt",0.5,0.5,0,0.003
"403","1/cBB.dat.gz.txt",0.5,0.5,0,0.004
"404","1/cBB.dat.gz.txt",1,0.666666666666667,0,0.005
"405","1/cBB.dat.gz.txt",1,0.666666666666667,0,0.006
"406","1/cBB.dat.gz.txt",1,0.666666666666667,0,0.007
"407","1/cBB.dat.gz.txt",1,0.5,0,0.008
"408","1/cBB.dat.gz.txt",1,0.5,0,0.009
"409","1/cBB.dat.gz.txt",1,0.6,0,0.01
"410","1/cBB.dat.gz.txt",0.666666666666667,0.333333333333333,0,0.02
"411","1/cBB.dat.gz.txt",0.615384615384615,0.307692307692308,0,0.03
"412","1/cBB.dat.gz.txt",0.588235294117647,0.235294117647059,0,0.04
"413","1/cBB.dat.gz.txt",0.523809523809524,0.238095238095238,0,0.05
"414","1/cBB.dat.gz.txt",0.64,0.32,0,0.06
"415","1/cBB.dat.gz.txt",0.586206896551724,0.379310344827586,0,0.07
"416","1/cBB.dat.gz.txt",0.515151515151515,0.363636363636364,0.0303030303030303,0.08
"417","1/cBB.dat.gz.txt",0.513513513513513,0.351351351351351,0.027027027027027,0.09
"418","1/cBB.dat.gz.txt",0.536585365853659,0.365853658536585,0.0731707317073171,0.1
"419","1/cCA.dat.gz.txt",1,1,0,0.001
"420","1/cCA.dat.gz.txt",0.666666666666667,0.666666666666667,0,0.002
"421","1/cCA.dat.gz.txt",1,0.5,0,0.003
"422","1/cCA.dat.gz.txt",1,0.5,0,0.004
"423","1/cCA.dat.gz.txt",1,0.428571428571429,0,0.005
"424","1/cCA.dat.gz.txt",0.875,0.375,0,0.006
"425","1/cCA.dat.gz.txt",0.8,0.3,0,0.007
"426","1/cCA.dat.gz.txt",0.909090909090909,0.272727272727273,0,0.008
"427","1/cCA.dat.gz.txt",0.916666666666667,0.25,0,0.009
"428","1/cCA.dat.gz.txt",0.928571428571429,0.285714285714286,0,0.01
"429","1/cCA.dat.gz.txt",0.703703703703704,0.333333333333333,0,0.02
"430","1/cCA.dat.gz.txt",0.575,0.25,0,0.03
"431","1/cCA.dat.gz.txt",0.490566037735849,0.188679245283019,0,0.04
"432","1/cCA.dat.gz.txt",0.46969696969697,0.166666666666667,0,0.05
"433","1/cCA.dat.gz.txt",0.468354430379747,0.20253164556962,0,0.06
"434","1/cCA.dat.gz.txt",0.456521739130435,0.184782608695652,0,0.07
"435","1/cCA.dat.gz.txt",0.438095238095238,0.2,0.00952380952380952,0.08
"436","1/cCA.dat.gz.txt",0.415254237288136,0.203389830508475,0.00847457627118644,0.09
"437","1/cCA.dat.gz.txt",0.412213740458015,0.244274809160305,0.00763358778625954,0.1
"438","1/celegansneural.gml",1,1,0,0.001
"439","1/celegansneural.gml",1,1,0,0.002
"440","1/celegansneural.gml",1,1,0,0.003
"441","1/celegansneural.gml",1,1,0.5,0.004
"442","1/celegansneural.gml",1,1,0.5,0.005
"443","1/celegansneural.gml",1,1,0.5,0.006
"444","1/celegansneural.gml",1,1,1,0.007
"445","1/celegansneural.gml",1,1,1,0.008
"446","1/celegansneural.gml",1,1,1,0.009
"447","1/celegansneural.gml",1,1,1,0.01
"448","1/celegansneural.gml",0.666666666666667,0.833333333333333,0.833333333333333,0.02
"449","1/celegansneural.gml",0.666666666666667,0.777777777777778,0.777777777777778,0.03
"450","1/celegansneural.gml",0.833333333333333,0.666666666666667,1,0.04
"451","1/celegansneural.gml",0.866666666666667,0.6,0.8,0.05
"452","1/celegansneural.gml",0.888888888888889,0.555555555555556,0.722222222222222,0.06
"453","1/celegansneural.gml",0.904761904761905,0.619047619047619,0.666666666666667,0.07
"454","1/celegansneural.gml",0.833333333333333,0.666666666666667,0.708333333333333,0.08
"455","1/celegansneural.gml",0.851851851851852,0.62962962962963,0.703703703703704,0.09
"456","1/celegansneural.gml",0.833333333333333,0.7,0.7,0.1
"457","2/com-amazon.ungraph.txt",0.402985074626866,0.2,NA,0.001
"458","2/com-amazon.ungraph.txt",0.386567164179104,0.173134328358209,NA,0.002
"459","2/com-amazon.ungraph.txt",0.402985074626866,0.156218905472637,NA,0.003
"460","2/com-amazon.ungraph.txt",0.394029850746269,0.148507462686567,NA,0.004
"461","2/com-amazon.ungraph.txt",0.400597014925373,0.142089552238806,NA,0.005
"462","2/com-amazon.ungraph.txt",0.399004975124378,0.133830845771144,NA,0.006
"463","2/com-amazon.ungraph.txt",0.4,0.134754797441365,NA,0.007
"464","2/com-amazon.ungraph.txt",0.393430384471818,0.132138857782755,NA,0.008
"465","2/com-amazon.ungraph.txt",0.389847378898474,0.130723291307233,NA,0.009
"466","2/com-amazon.ungraph.txt",0.388772767990445,0.131681098835473,NA,0.01
"467","2/com-amazon.ungraph.txt",0.398925052254404,0.144670050761421,NA,0.02
"468","2/com-amazon.ungraph.txt",0.403643241090981,0.155783396376667,NA,0.03
"469","2/com-amazon.ungraph.txt",0.403807390817469,0.166629339305711,NA,0.04
"470","2/com-amazon.ungraph.txt",0.407130912565695,0.175406115623507,NA,0.05
"471","2/com-amazon.ungraph.txt",0.413896078041011,0.182410909814852,NA,0.06
"472","2/com-amazon.ungraph.txt",0.419819973550616,0.189625015997611,NA,0.07
"473","2/com-amazon.ungraph.txt",0.424972004479283,0.196491228070175,NA,0.08
"474","2/com-amazon.ungraph.txt",0.431548211560157,0.203065896874378,NA,0.09
"475","2/com-amazon.ungraph.txt",0.437005405082569,0.210947531878042,NA,0.1
"476","2/com-dblp.ungraph.txt",0.471698113207547,0.405660377358491,0,0.001
"477","2/com-dblp.ungraph.txt",0.525984251968504,0.415748031496063,0,0.002
"478","2/com-dblp.ungraph.txt",0.596638655462185,0.465336134453782,0,0.003
"479","2/com-dblp.ungraph.txt",0.641449960598897,0.490149724192277,0,0.004
"480","2/com-dblp.ungraph.txt",0.652585119798235,0.508196721311475,0,0.005
"481","2/com-dblp.ungraph.txt",0.652653704676826,0.517603783499737,0,0.006
"482","2/com-dblp.ungraph.txt",0.661711711711712,0.523873873873874,0,0.007
"483","2/com-dblp.ungraph.txt",0.665746945210879,0.530153724871896,0,0.008
"484","2/com-dblp.ungraph.txt",0.666433076384022,0.533637000700771,0,0.009
"485","2/com-dblp.ungraph.txt",0.67675812046673,0.54241564175339,0,0.01
"486","2/com-dblp.ungraph.txt",0.700094607379376,0.568274992116052,0,0.02
"487","2/com-dblp.ungraph.txt",0.696730789446021,0.554504362451382,0,0.03
"488","2/com-dblp.ungraph.txt",0.700252286345002,0.547697887101861,0,0.04
"489","2/com-dblp.ungraph.txt",0.696480383499432,0.540999116942097,0,0.05
"490","2/com-dblp.ungraph.txt",0.690670170827858,0.537030223390276,5.25624178712221e-05,0.06
"491","2/com-dblp.ungraph.txt",0.687556316453415,0.535591998558299,0.000405478464588214,0.07
"492","2/com-dblp.ungraph.txt",0.685339220246777,0.538179524579178,0.00102495367997792,0.08
"493","2/com-dblp.ungraph.txt",0.685997617212138,0.539771532693251,0.00213750087602495,0.09
"494","2/com-dblp.ungraph.txt",0.689605146966065,0.540242210167781,0.00321685379084143,0.1
"495","1/cond-mat-2005.gml",0.48780487804878,0.634146341463415,0,0.001
"496","1/cond-mat-2005.gml",0.54320987654321,0.62962962962963,0,0.002
"497","1/cond-mat-2005.gml",0.524590163934426,0.688524590163934,0,0.003
"498","1/cond-mat-2005.gml",0.506172839506173,0.691358024691358,0,0.004
"499","1/cond-mat-2005.gml",0.527093596059113,0.684729064039409,0,0.005
"500","1/cond-mat-2005.gml",0.522633744855967,0.679012345679012,0,0.006
"501","1/cond-mat-2005.gml",0.53356890459364,0.692579505300353,0,0.007
"502","1/cond-mat-2005.gml",0.530864197530864,0.691358024691358,0,0.008
"503","1/cond-mat-2005.gml",0.532967032967033,0.686813186813187,0,0.009
"504","1/cond-mat-2005.gml",0.538271604938272,0.688888888888889,0,0.01
"505","1/cond-mat-2005.gml",0.558714462299135,0.674907292954265,0,0.02
"506","1/cond-mat-2005.gml",0.596042868920033,0.685902720527617,0,0.03
"507","1/cond-mat-2005.gml",0.602350030921459,0.687074829931973,0,0.04
"508","1/cond-mat-2005.gml",0.619683481701286,0.679525222551929,0,0.05
"509","1/cond-mat-2005.gml",0.629843363561418,0.686314921681781,0,0.06
"510","1/cond-mat-2005.gml",0.644876325088339,0.685865724381625,0,0.07
"511","1/cond-mat-2005.gml",0.646567717996289,0.682745825602968,0,0.08
"512","1/cond-mat-2005.gml",0.645409565695437,0.681418361737218,0,0.09
"513","1/cond-mat-2005.gml",0.651991095720999,0.68464011872372,0,0.1
"514","1/Email-Enron.txt",0.837837837837838,0.594594594594595,0.621621621621622,0.001
"515","1/Email-Enron.txt",0.702702702702703,0.581081081081081,0.581081081081081,0.002
"516","1/Email-Enron.txt",0.684684684684685,0.603603603603604,0.630630630630631,0.003
"517","1/Email-Enron.txt",0.687074829931973,0.639455782312925,0.680272108843537,0.004
"518","1/Email-Enron.txt",0.690217391304348,0.679347826086957,0.717391304347826,0.005
"519","1/Email-Enron.txt",0.687782805429864,0.687782805429864,0.710407239819005,0.006
"520","1/Email-Enron.txt",0.715953307392996,0.700389105058366,0.704280155642023,0.007
"521","1/Email-Enron.txt",0.697278911564626,0.69047619047619,0.724489795918367,0.008
"522","1/Email-Enron.txt",0.694864048338369,0.6797583081571,0.722054380664653,0.009
"523","1/Email-Enron.txt",0.683923705722071,0.713896457765668,0.727520435967302,0.01
"524","1/Email-Enron.txt",0.64441416893733,0.735694822888283,0.752043596730245,0.02
"525","1/Email-Enron.txt",0.614895549500454,0.746594005449591,0.771117166212534,0.03
"526","1/Email-Enron.txt",0.596730245231608,0.754768392370572,0.773841961852861,0.04
"527","1/Email-Enron.txt",0.582016348773842,0.764032697547684,0.788555858310627,0.05
"528","1/Email-Enron.txt",0.572661217075386,0.774750227066303,0.781562216167121,0.06
"529","1/Email-Enron.txt",0.575321136629038,0.763721292331647,0.775398987933048,0.07
"530","1/Email-Enron.txt",0.602179836512262,0.759877384196185,0.770435967302452,0.08
"531","1/Email-Enron.txt",0.617923100211929,0.758098698153194,0.771117166212534,0.09
"532","1/Email-Enron.txt",0.604904632152589,0.749318801089918,0.765395095367847,0.1
"533","1/hep-th.gml",0.666666666666667,0.444444444444444,0,0.001
"534","1/hep-th.gml",0.411764705882353,0.411764705882353,0,0.002
"535","1/hep-th.gml",0.423076923076923,0.576923076923077,0,0.003
"536","1/hep-th.gml",0.382352941176471,0.588235294117647,0.0294117647058824,0.004
"537","1/hep-th.gml",0.357142857142857,0.5,0.0238095238095238,0.005
"538","1/hep-th.gml",0.392156862745098,0.490196078431373,0.0784313725490196,0.006
"539","1/hep-th.gml",0.389830508474576,0.525423728813559,0.169491525423729,0.007
"540","1/hep-th.gml",0.388059701492537,0.477611940298507,0.283582089552239,0.008
"541","1/hep-th.gml",0.355263157894737,0.486842105263158,0.407894736842105,0.009
"542","1/hep-th.gml",0.404761904761905,0.488095238095238,0.464285714285714,0.01
"543","1/hep-th.gml",0.511904761904762,0.529761904761905,0.422619047619048,0.02
"544","1/hep-th.gml",0.557768924302789,0.553784860557769,0.462151394422311,0.03
"545","1/hep-th.gml",0.57910447761194,0.564179104477612,0.438805970149254,0.04
"546","1/hep-th.gml",0.625298329355609,0.558472553699284,0.427207637231504,0.05
"547","1/hep-th.gml",0.639442231075697,0.557768924302789,0.436254980079681,0.06
"548","1/hep-th.gml",0.645051194539249,0.564846416382253,0.430034129692833,0.07
"549","1/hep-th.gml",0.66965620328849,0.566517189835576,0.443946188340807,0.08
"550","1/hep-th.gml",0.678618857901726,0.565737051792829,0.431606905710491,0.09
"551","1/hep-th.gml",0.685782556750299,0.583034647550777,0.421744324970131,0.1
"552","1/mAA.dat.gz.txt",1,0.5,0,0.001
"553","1/mAA.dat.gz.txt",0.666666666666667,0.333333333333333,0,0.002
"554","1/mAA.dat.gz.txt",0.75,0.5,0,0.003
"555","1/mAA.dat.gz.txt",1,0.4,0,0.004
"556","1/mAA.dat.gz.txt",1,0.5,0,0.005
"557","1/mAA.dat.gz.txt",0.857142857142857,0.428571428571429,0,0.006
"558","1/mAA.dat.gz.txt",0.875,0.375,0,0.007
"559","1/mAA.dat.gz.txt",0.888888888888889,0.333333333333333,0,0.008
"560","1/mAA.dat.gz.txt",0.9,0.3,0,0.009
"561","1/mAA.dat.gz.txt",0.909090909090909,0.272727272727273,0,0.01
"562","1/mAA.dat.gz.txt",0.727272727272727,0.318181818181818,0,0.02
"563","1/mAA.dat.gz.txt",0.59375,0.25,0,0.03
"564","1/mAA.dat.gz.txt",0.558139534883721,0.209302325581395,0,0.04
"565","1/mAA.dat.gz.txt",0.547169811320755,0.245283018867925,0.0754716981132075,0.05
"566","1/mAA.dat.gz.txt",0.5,0.203125,0.0625,0.06
"567","1/mAA.dat.gz.txt",0.459459459459459,0.202702702702703,0.0810810810810811,0.07
"568","1/mAA.dat.gz.txt",0.411764705882353,0.2,0.0705882352941176,0.08
"569","1/mAA.dat.gz.txt",0.385416666666667,0.197916666666667,0.0625,0.09
"570","1/mAA.dat.gz.txt",0.415094339622642,0.245283018867925,0.0754716981132075,0.1
"571","1/mBB.dat.gz.txt",0,1,0,0.001
"572","1/mBB.dat.gz.txt",0,1,0,0.002
"573","1/mBB.dat.gz.txt",0.5,0.5,0,0.003
"574","1/mBB.dat.gz.txt",0.5,0.5,0,0.004
"575","1/mBB.dat.gz.txt",1,0.666666666666667,0,0.005
"576","1/mBB.dat.gz.txt",1,0.666666666666667,0,0.006
"577","1/mBB.dat.gz.txt",1,0.666666666666667,0,0.007
"578","1/mBB.dat.gz.txt",1,0.5,0,0.008
"579","1/mBB.dat.gz.txt",1,0.5,0,0.009
"580","1/mBB.dat.gz.txt",1,0.6,0,0.01
"581","1/mBB.dat.gz.txt",0.666666666666667,0.333333333333333,0,0.02
"582","1/mBB.dat.gz.txt",0.615384615384615,0.307692307692308,0,0.03
"583","1/mBB.dat.gz.txt",0.588235294117647,0.235294117647059,0,0.04
"584","1/mBB.dat.gz.txt",0.523809523809524,0.238095238095238,0,0.05
"585","1/mBB.dat.gz.txt",0.64,0.32,0,0.06
"586","1/mBB.dat.gz.txt",0.586206896551724,0.379310344827586,0,0.07
"587","1/mBB.dat.gz.txt",0.515151515151515,0.363636363636364,0.0303030303030303,0.08
"588","1/mBB.dat.gz.txt",0.513513513513513,0.351351351351351,0.027027027027027,0.09
"589","1/mBB.dat.gz.txt",0.536585365853659,0.365853658536585,0.0731707317073171,0.1
"590","1/mCA.dat.gz.txt",1,1,0,0.001
"591","1/mCA.dat.gz.txt",0.666666666666667,0.666666666666667,0,0.002
"592","1/mCA.dat.gz.txt",1,0.5,0,0.003
"593","1/mCA.dat.gz.txt",1,0.5,0,0.004
"594","1/mCA.dat.gz.txt",1,0.428571428571429,0,0.005
"595","1/mCA.dat.gz.txt",0.875,0.375,0,0.006
"596","1/mCA.dat.gz.txt",0.8,0.3,0,0.007
"597","1/mCA.dat.gz.txt",0.909090909090909,0.272727272727273,0,0.008
"598","1/mCA.dat.gz.txt",0.916666666666667,0.25,0,0.009
"599","1/mCA.dat.gz.txt",0.928571428571429,0.285714285714286,0,0.01
"600","1/mCA.dat.gz.txt",0.703703703703704,0.333333333333333,0,0.02
"601","1/mCA.dat.gz.txt",0.575,0.25,0,0.03
"602","1/mCA.dat.gz.txt",0.490566037735849,0.188679245283019,0,0.04
"603","1/mCA.dat.gz.txt",0.46969696969697,0.166666666666667,0,0.05
"604","1/mCA.dat.gz.txt",0.468354430379747,0.20253164556962,0,0.06
"605","1/mCA.dat.gz.txt",0.456521739130435,0.184782608695652,0,0.07
"606","1/mCA.dat.gz.txt",0.438095238095238,0.2,0.00952380952380952,0.08
"607","1/mCA.dat.gz.txt",0.415254237288136,0.203389830508475,0.00847457627118644,0.09
"608","1/mCA.dat.gz.txt",0.412213740458015,0.244274809160305,0.00763358778625954,0.1
"609","2/NDwww.net",0.377300613496933,0.0644171779141104,0.049079754601227,0.001
"610","2/NDwww.net",0.355828220858896,0.0552147239263804,0.156441717791411,0.002
"611","2/NDwww.net",0.287321063394683,0.0644171779141104,0.431492842535787,0.003
"612","2/NDwww.net",0.232540291634689,0.0514198004604758,0.574827321565618,0.004
"613","2/NDwww.net",0.190300798035605,0.041743400859423,0.659914057704113,0.005
"614","2/NDwww.net",0.173913043478261,0.0378516624040921,0.69923273657289,0.006
"615","2/NDwww.net",0.213064445418676,0.0622533976326173,0.599298553266111,0.007
"616","2/NDwww.net",0.249424405218726,0.0671527244819647,0.52455871066769,0.008
"617","2/NDwww.net",0.256821282401091,0.0719645293315143,0.505115961800819,0.009
"618","2/NDwww.net",0.237262124002455,0.067219152854512,0.55463474524248,0.01
"619","2/NDwww.net",0.231619339984651,0.069224865694551,0.566231772831926,0.02
"620","2/NDwww.net",0.226258698321736,0.0942488743348342,0.569074907900123,0.03
"621","2/NDwww.net",0.234996162701458,0.117344589409056,0.576745970836531,0.04
"622","2/NDwww.net",0.26026892613741,0.135261251304722,0.567937618959907,0.05
"623","2/NDwww.net",0.300194433074089,0.173812934916087,0.531979124027835,0.06
"624","2/NDwww.net",0.312165599508815,0.187001140250855,0.540610472765547,0.07
"625","2/NDwww.net",0.328907479181857,0.192908400168848,0.518362178134234,0.08
"626","2/NDwww.net",0.36127029608405,0.211590940100969,0.500375221721927,0.09
"627","2/NDwww.net",0.376385349829613,0.229116139133638,0.494550701501243,0.1
"628","1/NDyeast.net",0.666666666666667,0.666666666666667,0,0.001
"629","1/NDyeast.net",0.8,0.6,0,0.002
"630","1/NDyeast.net",0.714285714285714,0.428571428571429,0,0.003
"631","1/NDyeast.net",0.777777777777778,0.333333333333333,0,0.004
"632","1/NDyeast.net",0.909090909090909,0.363636363636364,0,0.005
"633","1/NDyeast.net",0.846153846153846,0.307692307692308,0,0.006
"634","1/NDyeast.net",0.733333333333333,0.333333333333333,0,0.007
"635","1/NDyeast.net",0.647058823529412,0.294117647058824,0,0.008
"636","1/NDyeast.net",0.6,0.3,0,0.009
"637","1/NDyeast.net",0.590909090909091,0.272727272727273,0,0.01
"638","1/NDyeast.net",0.604651162790698,0.325581395348837,0,0.02
"639","1/NDyeast.net",0.625,0.390625,0,0.03
"640","1/NDyeast.net",0.623529411764706,0.4,0,0.04
"641","1/NDyeast.net",0.679245283018868,0.367924528301887,0,0.05
"642","1/NDyeast.net",0.669291338582677,0.393700787401575,0,0.06
"643","1/NDyeast.net",0.695945945945946,0.439189189189189,0,0.07
"644","1/NDyeast.net",0.676470588235294,0.452941176470588,0,0.08
"645","1/NDyeast.net",0.680628272251309,0.486910994764398,0.00523560209424084,0.09
"646","1/NDyeast.net",0.69811320754717,0.528301886792453,0.00471698113207547,0.1
"647","1/netscience.gml",0,0,0,0.001
"648","1/netscience.gml",0.25,0.25,0,0.002
"649","1/netscience.gml",0.2,0.2,0,0.003
"650","1/netscience.gml",0.285714285714286,0.285714285714286,0.285714285714286,0.004
"651","1/netscience.gml",0.25,0.25,0.375,0.005
"652","1/netscience.gml",0.3,0.2,0.3,0.006
"653","1/netscience.gml",0.333333333333333,0.166666666666667,0.333333333333333,0.007
"654","1/netscience.gml",0.307692307692308,0.153846153846154,0.384615384615385,0.008
"655","1/netscience.gml",0.266666666666667,0.133333333333333,0.466666666666667,0.009
"656","1/netscience.gml",0.25,0.125,0.5,0.01
"657","1/netscience.gml",0.21875,0.125,0.8125,0.02
"658","1/netscience.gml",0.4375,0.25,0.6875,0.03
"659","1/netscience.gml",0.484375,0.25,0.546875,0.04
"660","1/netscience.gml",0.475,0.25,0.4625,0.05
"661","1/netscience.gml",0.4375,0.270833333333333,0.395833333333333,0.06
"662","1/netscience.gml",0.410714285714286,0.241071428571429,0.366071428571429,0.07
"663","1/netscience.gml",0.4765625,0.2890625,0.390625,0.08
"664","1/netscience.gml",0.458333333333333,0.263888888888889,0.381944444444444,0.09
"665","1/netscience.gml",0.471698113207547,0.257861635220126,0.358490566037736,0.1
"666","1/oregon1_010331.txt.gz",0.909090909090909,0.727272727272727,0.818181818181818,0.001
"667","1/oregon1_010331.txt.gz",0.863636363636364,0.772727272727273,0.727272727272727,0.002
"668","1/oregon1_010331.txt.gz",0.818181818181818,0.636363636363636,0.727272727272727,0.003
"669","1/oregon1_010331.txt.gz",0.837209302325581,0.627906976744186,0.627906976744186,0.004
"670","1/oregon1_010331.txt.gz",0.833333333333333,0.592592592592593,0.574074074074074,0.005
"671","1/oregon1_010331.txt.gz",0.815384615384615,0.615384615384615,0.584615384615385,0.006
"672","1/oregon1_010331.txt.gz",0.813333333333333,0.6,0.573333333333333,0.007
"673","1/oregon1_010331.txt.gz",0.790697674418605,0.558139534883721,0.581395348837209,0.008
"674","1/oregon1_010331.txt.gz",0.793814432989691,0.515463917525773,0.556701030927835,0.009
"675","1/oregon1_010331.txt.gz",0.794392523364486,0.523364485981308,0.542056074766355,0.01
"676","1/oregon1_010331.txt.gz",0.799065420560748,0.47196261682243,0.485981308411215,0.02
"677","1/oregon1_010331.txt.gz",0.791277258566978,0.398753894080997,0.404984423676012,0.03
"678","1/oregon1_010331.txt.gz",0.810304449648712,0.381733021077283,0.388758782201405,0.04
"679","1/oregon1_010331.txt.gz",0.808988764044944,0.352059925093633,0.368913857677903,0.05
"680","1/oregon1_010331.txt.gz",0.792511700468019,0.34009360374415,0.341653666146646,0.06
"681","1/oregon1_010331.txt.gz",0.78714859437751,0.309236947791165,0.317269076305221,0.07
"682","1/oregon1_010331.txt.gz",0.763466042154567,0.305620608899297,0.326697892271663,0.08
"683","1/oregon1_010331.txt.gz",0.749219562955255,0.318418314255983,0.308012486992716,0.09
"684","1/oregon1_010331.txt.gz",0.708528584817245,0.325210871602624,0.31302717900656,0.1
"685","1/oregon1_010407.txt.gz",0.909090909090909,0.909090909090909,1,0.001
"686","1/oregon1_010407.txt.gz",0.818181818181818,0.772727272727273,0.772727272727273,0.002
"687","1/oregon1_010407.txt.gz",0.848484848484849,0.636363636363636,0.727272727272727,0.003
"688","1/oregon1_010407.txt.gz",0.837209302325581,0.604651162790698,0.674418604651163,0.004
"689","1/oregon1_010407.txt.gz",0.87037037037037,0.592592592592593,0.592592592592593,0.005
"690","1/oregon1_010407.txt.gz",0.830769230769231,0.6,0.584615384615385,0.006
"691","1/oregon1_010407.txt.gz",0.828947368421053,0.592105263157895,0.592105263157895,0.007
"692","1/oregon1_010407.txt.gz",0.825581395348837,0.534883720930233,0.569767441860465,0.008
"693","1/oregon1_010407.txt.gz",0.814432989690722,0.54639175257732,0.577319587628866,0.009
"694","1/oregon1_010407.txt.gz",0.824074074074074,0.546296296296296,0.564814814814815,0.01
"695","1/oregon1_010407.txt.gz",0.786046511627907,0.451162790697674,0.474418604651163,0.02
"696","1/oregon1_010407.txt.gz",0.788819875776398,0.369565217391304,0.385093167701863,0.03
"697","1/oregon1_010407.txt.gz",0.795348837209302,0.381395348837209,0.390697674418605,0.04
"698","1/oregon1_010407.txt.gz",0.797020484171322,0.357541899441341,0.366852886405959,0.05
"699","1/oregon1_010407.txt.gz",0.782608695652174,0.33695652173913,0.332298136645963,0.06
"700","1/oregon1_010407.txt.gz",0.780585106382979,0.30718085106383,0.319148936170213,0.07
"701","1/oregon1_010407.txt.gz",0.760186263096624,0.30267753201397,0.320139697322468,0.08
"702","1/oregon1_010407.txt.gz",0.733954451345756,0.307453416149068,0.303312629399586,0.09
"703","1/oregon1_010407.txt.gz",0.69524697110904,0.307548928238583,0.309412861136999,0.1
"704","1/oregon1_010414.txt.gz",0.818181818181818,1,0.818181818181818,0.001
"705","1/oregon1_010414.txt.gz",0.772727272727273,0.772727272727273,0.590909090909091,0.002
"706","1/oregon1_010414.txt.gz",0.848484848484849,0.636363636363636,0.545454545454545,0.003
"707","1/oregon1_010414.txt.gz",0.840909090909091,0.568181818181818,0.454545454545455,0.004
"708","1/oregon1_010414.txt.gz",0.888888888888889,0.555555555555556,0.388888888888889,0.005
"709","1/oregon1_010414.txt.gz",0.830769230769231,0.569230769230769,0.384615384615385,0.006
"710","1/oregon1_010414.txt.gz",0.815789473684211,0.578947368421053,0.342105263157895,0.007
"711","1/oregon1_010414.txt.gz",0.816091954022989,0.528735632183908,0.298850574712644,0.008
"712","1/oregon1_010414.txt.gz",0.816326530612245,0.520408163265306,0.275510204081633,0.009
"713","1/oregon1_010414.txt.gz",0.814814814814815,0.546296296296296,0.25,0.01
"714","1/oregon1_010414.txt.gz",0.800925925925926,0.472222222222222,0.180555555555556,0.02
"715","1/oregon1_010414.txt.gz",0.783950617283951,0.391975308641975,0.160493827160494,0.03
"716","1/oregon1_010414.txt.gz",0.784722222222222,0.388888888888889,0.152777777777778,0.04
"717","1/oregon1_010414.txt.gz",0.788888888888889,0.368518518518519,0.142592592592593,0.05
"718","1/oregon1_010414.txt.gz",0.776234567901235,0.348765432098765,0.143518518518519,0.06
"719","1/oregon1_010414.txt.gz",0.771164021164021,0.330687830687831,0.144179894179894,0.07
"720","1/oregon1_010414.txt.gz",0.759259259259259,0.314814814814815,0.149305555555556,0.08
"721","1/oregon1_010414.txt.gz",0.720164609053498,0.330246913580247,0.161522633744856,0.09
"722","1/oregon1_010414.txt.gz",0.699721964782206,0.319740500463392,0.173308619091752,0.1
"723","1/oregon1_010421.txt.gz",0.909090909090909,0.909090909090909,0,0.001
"724","1/oregon1_010421.txt.gz",0.772727272727273,0.772727272727273,0,0.002
"725","1/oregon1_010421.txt.gz",0.848484848484849,0.636363636363636,0,0.003
"726","1/oregon1_010421.txt.gz",0.840909090909091,0.568181818181818,0,0.004
"727","1/oregon1_010421.txt.gz",0.854545454545454,0.563636363636364,0,0.005
"728","1/oregon1_010421.txt.gz",0.833333333333333,0.590909090909091,0,0.006
"729","1/oregon1_010421.txt.gz",0.831168831168831,0.597402597402597,0,0.007
"730","1/oregon1_010421.txt.gz",0.804597701149425,0.563218390804598,0,0.008
"731","1/oregon1_010421.txt.gz",0.795918367346939,0.551020408163265,0,0.009
"732","1/oregon1_010421.txt.gz",0.81651376146789,0.559633027522936,0,0.01
"733","1/oregon1_010421.txt.gz",0.793577981651376,0.467889908256881,0,0.02
"734","1/oregon1_010421.txt.gz",0.776073619631902,0.389570552147239,0,0.03
"735","1/oregon1_010421.txt.gz",0.790804597701149,0.395402298850575,0,0.04
"736","1/oregon1_010421.txt.gz",0.769797421731123,0.370165745856354,0.00368324125230203,0.05
"737","1/oregon1_010421.txt.gz",0.76840490797546,0.346625766871166,0.00306748466257669,0.06
"738","1/oregon1_010421.txt.gz",0.768725361366623,0.324572930354796,0.00525624178712221,0.07
"739","1/oregon1_010421.txt.gz",0.750287686996548,0.311852704257768,0.00690448791714614,0.08
"740","1/oregon1_010421.txt.gz",0.717791411042945,0.323108384458078,0.00715746421267894,0.09
"741","1/oregon1_010421.txt.gz",0.697053406998158,0.313075506445672,0.0138121546961326,0.1
"742","1/oregon1_010428.txt.gz",0.818181818181818,0.909090909090909,1,0.001
"743","1/oregon1_010428.txt.gz",0.818181818181818,0.818181818181818,0.590909090909091,0.002
"744","1/oregon1_010428.txt.gz",0.848484848484849,0.666666666666667,0.484848484848485,0.003
"745","1/oregon1_010428.txt.gz",0.818181818181818,0.568181818181818,0.409090909090909,0.004
"746","1/oregon1_010428.txt.gz",0.854545454545454,0.563636363636364,0.345454545454545,0.005
"747","1/oregon1_010428.txt.gz",0.787878787878788,0.590909090909091,0.303030303030303,0.006
"748","1/oregon1_010428.txt.gz",0.818181818181818,0.571428571428571,0.298701298701299,0.007
"749","1/oregon1_010428.txt.gz",0.806818181818182,0.556818181818182,0.261363636363636,0.008
"750","1/oregon1_010428.txt.gz",0.816326530612245,0.540816326530612,0.23469387755102,0.009
"751","1/oregon1_010428.txt.gz",0.834862385321101,0.559633027522936,0.211009174311927,0.01
"752","1/oregon1_010428.txt.gz",0.802752293577982,0.458715596330275,0.155963302752294,0.02
"753","1/oregon1_010428.txt.gz",0.764525993883792,0.379204892966361,0.140672782874618,0.03
"754","1/oregon1_010428.txt.gz",0.779816513761468,0.38302752293578,0.151376146788991,0.04
"755","1/oregon1_010428.txt.gz",0.78348623853211,0.372477064220184,0.143119266055046,0.05
"756","1/oregon1_010428.txt.gz",0.770642201834862,0.347094801223242,0.140672782874618,0.06
"757","1/oregon1_010428.txt.gz",0.771952817824377,0.325032765399738,0.142857142857143,0.07
"758","1/oregon1_010428.txt.gz",0.763490241102181,0.305396096440873,0.151549942594719,0.08
"759","1/oregon1_010428.txt.gz",0.73265306122449,0.316326530612245,0.161224489795918,0.09
"760","1/oregon1_010428.txt.gz",0.702479338842975,0.316804407713499,0.164370982552801,0.1
"761","1/oregon1_010505.txt.gz",0.909090909090909,0.818181818181818,0,0.001
"762","1/oregon1_010505.txt.gz",0.818181818181818,0.772727272727273,0,0.002
"763","1/oregon1_010505.txt.gz",0.848484848484849,0.666666666666667,0,0.003
"764","1/oregon1_010505.txt.gz",0.818181818181818,0.568181818181818,0,0.004
"765","1/oregon1_010505.txt.gz",0.818181818181818,0.563636363636364,0,0.005
"766","1/oregon1_010505.txt.gz",0.803030303030303,0.575757575757576,0,0.006
"767","1/oregon1_010505.txt.gz",0.831168831168831,0.584415584415584,0,0.007
"768","1/oregon1_010505.txt.gz",0.795454545454545,0.556818181818182,0,0.008
"769","1/oregon1_010505.txt.gz",0.818181818181818,0.575757575757576,0,0.009
"770","1/oregon1_010505.txt.gz",0.836363636363636,0.563636363636364,0,0.01
"771","1/oregon1_010505.txt.gz",0.80365296803653,0.447488584474886,0,0.02
"772","1/oregon1_010505.txt.gz",0.775075987841945,0.382978723404255,0,0.03
"773","1/oregon1_010505.txt.gz",0.78310502283105,0.394977168949772,0.00228310502283105,0.04
"774","1/oregon1_010505.txt.gz",0.773722627737226,0.374087591240876,0.00364963503649635,0.05
"775","1/oregon1_010505.txt.gz",0.762557077625571,0.340943683409437,0.0030441400304414,0.06
"776","1/oregon1_010505.txt.gz",0.766623207301173,0.323337679269883,0.00651890482398957,0.07
"777","1/oregon1_010505.txt.gz",0.764840182648402,0.311643835616438,0.00684931506849315,0.08
"778","1/oregon1_010505.txt.gz",0.732994923857868,0.317766497461929,0.0111675126903553,0.09
"779","1/oregon1_010505.txt.gz",0.707762557077626,0.315981735159817,0.0155251141552511,0.1
"780","1/oregon1_010519.txt",0.916666666666667,0.833333333333333,0.916666666666667,0.001
"781","1/oregon1_010519.txt",0.869565217391304,0.782608695652174,0.739130434782609,0.002
"782","1/oregon1_010519.txt",0.823529411764706,0.647058823529412,0.735294117647059,0.003
"783","1/oregon1_010519.txt",0.844444444444444,0.555555555555556,0.622222222222222,0.004
"784","1/oregon1_010519.txt",0.875,0.571428571428571,0.607142857142857,0.005
"785","1/oregon1_010519.txt",0.835820895522388,0.611940298507463,0.597014925373134,0.006
"786","1/oregon1_010519.txt",0.807692307692308,0.58974358974359,0.628205128205128,0.007
"787","1/oregon1_010519.txt",0.820224719101124,0.550561797752809,0.573033707865168,0.008
"788","1/oregon1_010519.txt",0.81,0.55,0.58,0.009
"789","1/oregon1_010519.txt",0.810810810810811,0.558558558558559,0.576576576576577,0.01
"790","1/oregon1_010519.txt",0.797297297297297,0.45045045045045,0.486486486486487,0.02
"791","1/oregon1_010519.txt",0.77710843373494,0.382530120481928,0.448795180722892,0.03
"792","1/oregon1_010519.txt",0.792325056433409,0.392776523702032,0.415349887133183,0.04
"793","1/oregon1_010519.txt",0.779385171790235,0.359855334538879,0.374321880650995,0.05
"794","1/oregon1_010519.txt",0.757530120481928,0.332831325301205,0.338855421686747,0.06
"795","1/oregon1_010519.txt",0.758397932816537,0.315245478036176,0.333333333333333,0.07
"796","1/oregon1_010519.txt",0.76045197740113,0.300564971751412,0.336723163841808,0.08
"797","1/oregon1_010519.txt",0.72964824120603,0.303517587939699,0.317587939698492,0.09
"798","1/oregon1_010519.txt",0.70253164556962,0.300180831826401,0.315551537070524,0.1
"799","1/oregon1_010526.txt",0.916666666666667,0.833333333333333,0,0.001
"800","1/oregon1_010526.txt",0.869565217391304,0.782608695652174,0,0.002
"801","1/oregon1_010526.txt",0.823529411764706,0.647058823529412,0.0294117647058824,0.003
"802","1/oregon1_010526.txt",0.822222222222222,0.577777777777778,0.0222222222222222,0.004
"803","1/oregon1_010526.txt",0.839285714285714,0.535714285714286,0.0357142857142857,0.005
"804","1/oregon1_010526.txt",0.808823529411765,0.602941176470588,0.0588235294117647,0.006
"805","1/oregon1_010526.txt",0.822784810126582,0.582278481012658,0.0759493670886076,0.007
"806","1/oregon1_010526.txt",0.8,0.555555555555556,0.111111111111111,0.008
"807","1/oregon1_010526.txt",0.782178217821782,0.574257425742574,0.128712871287129,0.009
"808","1/oregon1_010526.txt",0.776785714285714,0.571428571428571,0.142857142857143,0.01
"809","1/oregon1_010526.txt",0.785714285714286,0.450892857142857,0.178571428571429,0.02
"810","1/oregon1_010526.txt",0.773809523809524,0.407738095238095,0.181547619047619,0.03
"811","1/oregon1_010526.txt",0.80089485458613,0.404921700223714,0.167785234899329,0.04
"812","1/oregon1_010526.txt",0.771019677996422,0.370304114490161,0.166368515205725,0.05
"813","1/oregon1_010526.txt",0.761549925484352,0.332339791356185,0.172876304023845,0.06
"814","1/oregon1_010526.txt",0.753512132822478,0.314176245210728,0.171136653895275,0.07
"815","1/oregon1_010526.txt",0.761744966442953,0.298657718120805,0.1834451901566,0.08
"816","1/oregon1_010526.txt",0.716699801192843,0.31610337972167,0.192842942345924,0.09
"817","1/oregon1_010526.txt",0.699463327370304,0.313953488372093,0.203935599284436,0.1
"818","1/oregon2_010519.txt",0.916666666666667,0.833333333333333,0.333333333333333,0.001
"819","1/oregon2_010519.txt",0.782608695652174,0.739130434782609,0.565217391304348,0.002
"820","1/oregon2_010519.txt",0.714285714285714,0.6,0.685714285714286,0.003
"821","1/oregon2_010519.txt",0.739130434782609,0.58695652173913,0.673913043478261,0.004
"822","1/oregon2_010519.txt",0.754385964912281,0.596491228070175,0.666666666666667,0.005
"823","1/oregon2_010519.txt",0.72463768115942,0.536231884057971,0.652173913043478,0.006
"824","1/oregon2_010519.txt",0.7375,0.525,0.6375,0.007
"825","1/oregon2_010519.txt",0.714285714285714,0.505494505494505,0.637362637362637,0.008
"826","1/oregon2_010519.txt",0.650485436893204,0.466019417475728,0.689320388349515,0.009
"827","1/oregon2_010519.txt",0.631578947368421,0.43859649122807,0.701754385964912,0.01
"828","1/oregon2_010519.txt",0.605263157894737,0.385964912280702,0.692982456140351,0.02
"829","1/oregon2_010519.txt",0.599415204678363,0.347953216374269,0.722222222222222,0.03
"830","1/oregon2_010519.txt",0.624175824175824,0.318681318681319,0.698901098901099,0.04
"831","1/oregon2_010519.txt",0.639718804920914,0.319859402460457,0.704745166959578,0.05
"832","1/oregon2_010519.txt",0.641288433382138,0.295754026354319,0.711566617862372,0.06
"833","1/oregon2_010519.txt",0.651191969887077,0.282308657465496,0.713927227101631,0.07
"834","1/oregon2_010519.txt",0.649450549450549,0.262637362637363,0.682417582417582,0.08
"835","1/oregon2_010519.txt",0.6591796875,0.263671875,0.6513671875,0.09
"836","1/oregon2_010519.txt",0.649384885764499,0.254833040421793,0.634446397188049,0.1
"837","1/p2p-Gnutella04.txt.gz",0.636363636363636,0.727272727272727,0.545454545454545,0.001
"838","1/p2p-Gnutella04.txt.gz",0.681818181818182,0.863636363636364,0.681818181818182,0.002
"839","1/p2p-Gnutella04.txt.gz",0.727272727272727,0.848484848484849,0.727272727272727,0.003
"840","1/p2p-Gnutella04.txt.gz",0.681818181818182,0.795454545454545,0.636363636363636,0.004
"841","1/p2p-Gnutella04.txt.gz",0.763636363636364,0.781818181818182,0.636363636363636,0.005
"842","1/p2p-Gnutella04.txt.gz",0.742424242424242,0.757575757575758,0.590909090909091,0.006
"843","1/p2p-Gnutella04.txt.gz",0.714285714285714,0.727272727272727,0.623376623376623,0.007
"844","1/p2p-Gnutella04.txt.gz",0.681818181818182,0.738636363636364,0.625,0.008
"845","1/p2p-Gnutella04.txt.gz",0.714285714285714,0.744897959183674,0.581632653061224,0.009
"846","1/p2p-Gnutella04.txt.gz",0.761467889908257,0.761467889908257,0.532110091743119,0.01
"847","1/p2p-Gnutella04.txt.gz",0.802752293577982,0.637614678899083,0.385321100917431,0.02
"848","1/p2p-Gnutella04.txt.gz",0.813455657492355,0.593272171253823,0.333333333333333,0.03
"849","1/p2p-Gnutella04.txt.gz",0.827981651376147,0.587155963302752,0.350917431192661,0.04
"850","1/p2p-Gnutella04.txt.gz",0.814338235294118,0.577205882352941,0.360294117647059,0.05
"851","1/p2p-Gnutella04.txt.gz",0.822358346094946,0.597243491577335,0.399693721286371,0.06
"852","1/p2p-Gnutella04.txt.gz",0.820209973753281,0.612860892388451,0.442257217847769,0.07
"853","1/p2p-Gnutella04.txt.gz",0.809414466130884,0.629161882893226,0.473019517795637,0.08
"854","1/p2p-Gnutella04.txt.gz",0.810010214504597,0.646578140960163,0.490296220633299,0.09
"855","1/p2p-Gnutella04.txt.gz",0.806066176470588,0.661764705882353,0.488970588235294,0.1
"856","1/p2p-Gnutella05.txt.gz",0.333333333333333,0.555555555555556,0.555555555555556,0.001
"857","1/p2p-Gnutella05.txt.gz",0.722222222222222,0.777777777777778,0.666666666666667,0.002
"858","1/p2p-Gnutella05.txt.gz",0.703703703703704,0.851851851851852,0.851851851851852,0.003
"859","1/p2p-Gnutella05.txt.gz",0.694444444444444,0.888888888888889,0.916666666666667,0.004
"860","1/p2p-Gnutella05.txt.gz",0.755555555555556,0.888888888888889,0.888888888888889,0.005
"861","1/p2p-Gnutella05.txt.gz",0.777777777777778,0.87037037037037,0.759259259259259,0.006
"862","1/p2p-Gnutella05.txt.gz",0.806451612903226,0.806451612903226,0.693548387096774,0.007
"863","1/p2p-Gnutella05.txt.gz",0.830985915492958,0.774647887323944,0.633802816901408,0.008
"864","1/p2p-Gnutella05.txt.gz",0.85,0.725,0.575,0.009
"865","1/p2p-Gnutella05.txt.gz",0.842696629213483,0.674157303370786,0.51685393258427,0.01
"866","1/p2p-Gnutella05.txt.gz",0.796610169491525,0.457627118644068,0.293785310734463,0.02
"867","1/p2p-Gnutella05.txt.gz",0.827067669172932,0.409774436090226,0.229323308270677,0.03
"868","1/p2p-Gnutella05.txt.gz",0.80225988700565,0.401129943502825,0.214689265536723,0.04
"869","1/p2p-Gnutella05.txt.gz",0.817155756207675,0.433408577878104,0.243792325056433,0.05
"870","1/p2p-Gnutella05.txt.gz",0.819209039548023,0.48210922787194,0.282485875706215,0.06
"871","1/p2p-Gnutella05.txt.gz",0.796774193548387,0.529032258064516,0.319354838709677,0.07
"872","1/p2p-Gnutella05.txt.gz",0.798022598870056,0.559322033898305,0.343220338983051,0.08
"873","1/p2p-Gnutella05.txt.gz",0.789209535759097,0.606022584692597,0.36762860727729,0.09
"874","1/p2p-Gnutella05.txt.gz",0.79774011299435,0.638418079096045,0.389830508474576,0.1
"875","1/p2p-Gnutella06.txt.gz",0.222222222222222,0.333333333333333,0.555555555555556,0.001
"876","1/p2p-Gnutella06.txt.gz",0.611111111111111,0.666666666666667,0.555555555555556,0.002
"877","1/p2p-Gnutella06.txt.gz",0.740740740740741,0.814814814814815,0.666666666666667,0.003
"878","1/p2p-Gnutella06.txt.gz",0.742857142857143,0.828571428571429,0.771428571428571,0.004
"879","1/p2p-Gnutella06.txt.gz",0.772727272727273,0.909090909090909,0.795454545454545,0.005
"880","1/p2p-Gnutella06.txt.gz",0.792452830188679,0.867924528301887,0.735849056603774,0.006
"881","1/p2p-Gnutella06.txt.gz",0.870967741935484,0.887096774193548,0.67741935483871,0.007
"882","1/p2p-Gnutella06.txt.gz",0.9,0.857142857142857,0.614285714285714,0.008
"883","1/p2p-Gnutella06.txt.gz",0.924050632911392,0.835443037974684,0.582278481012658,0.009
"884","1/p2p-Gnutella06.txt.gz",0.931818181818182,0.818181818181818,0.534090909090909,0.01
"885","1/p2p-Gnutella06.txt.gz",0.834285714285714,0.634285714285714,0.314285714285714,0.02
"886","1/p2p-Gnutella06.txt.gz",0.812977099236641,0.583969465648855,0.263358778625954,0.03
"887","1/p2p-Gnutella06.txt.gz",0.790830945558739,0.558739255014327,0.25214899713467,0.04
"888","1/p2p-Gnutella06.txt.gz",0.791284403669725,0.552752293577982,0.279816513761468,0.05
"889","1/p2p-Gnutella06.txt.gz",0.801526717557252,0.564885496183206,0.284351145038168,0.06
"890","1/p2p-Gnutella06.txt.gz",0.795417348608838,0.571194762684124,0.32569558101473,0.07
"891","1/p2p-Gnutella06.txt.gz",0.79512893982808,0.611747851002865,0.345272206303725,0.08
"892","1/p2p-Gnutella06.txt.gz",0.789808917197452,0.628025477707006,0.36687898089172,0.09
"893","1/p2p-Gnutella06.txt.gz",0.787844036697248,0.644495412844037,0.395642201834862,0.1
"894","1/p2p-Gnutella08.txt.gz",0.142857142857143,0.571428571428571,0.428571428571429,0.001
"895","1/p2p-Gnutella08.txt.gz",0.384615384615385,0.692307692307692,0.615384615384615,0.002
"896","1/p2p-Gnutella08.txt.gz",0.578947368421053,0.789473684210526,0.526315789473684,0.003
"897","1/p2p-Gnutella08.txt.gz",0.576923076923077,0.807692307692308,0.730769230769231,0.004
"898","1/p2p-Gnutella08.txt.gz",0.5625,0.90625,0.84375,0.005
"899","1/p2p-Gnutella08.txt.gz",0.657894736842105,0.947368421052632,0.921052631578947,0.006
"900","1/p2p-Gnutella08.txt.gz",0.688888888888889,0.911111111111111,0.933333333333333,0.007
"901","1/p2p-Gnutella08.txt.gz",0.705882352941177,0.92156862745098,0.980392156862745,0.008
"902","1/p2p-Gnutella08.txt.gz",0.754385964912281,0.929824561403509,0.929824561403509,0.009
"903","1/p2p-Gnutella08.txt.gz",0.78125,0.890625,0.875,0.01
"904","1/p2p-Gnutella08.txt.gz",0.818897637795276,0.590551181102362,0.496062992125984,0.02
"905","1/p2p-Gnutella08.txt.gz",0.815789473684211,0.484210526315789,0.363157894736842,0.03
"906","1/p2p-Gnutella08.txt.gz",0.778656126482213,0.41897233201581,0.312252964426877,0.04
"907","1/p2p-Gnutella08.txt.gz",0.753164556962025,0.392405063291139,0.29746835443038,0.05
"908","1/p2p-Gnutella08.txt.gz",0.786279683377309,0.37467018469657,0.287598944591029,0.06
"909","1/p2p-Gnutella08.txt.gz",0.782805429864253,0.375565610859729,0.305429864253394,0.07
"910","1/p2p-Gnutella08.txt.gz",0.77029702970297,0.40990099009901,0.336633663366337,0.08
"911","1/p2p-Gnutella08.txt.gz",0.767605633802817,0.463028169014085,0.36443661971831,0.09
"912","1/p2p-Gnutella08.txt.gz",0.762282091917591,0.513470681458003,0.402535657686212,0.1
"913","1/power.gml",0,0,0,0.001
"914","1/power.gml",0,0,0,0.002
"915","1/power.gml",0,0,0,0.003
"916","1/power.gml",0,0,0,0.004
"917","1/power.gml",0,0,0,0.005
"918","1/power.gml",0,0,0,0.006
"919","1/power.gml",0.0285714285714286,0,0.0285714285714286,0.007
"920","1/power.gml",0.025,0,0.075,0.008
"921","1/power.gml",0.0444444444444444,0,0.0666666666666667,0.009
"922","1/power.gml",0.04,0.02,0.08,0.01
"923","1/power.gml",0.171717171717172,0.0606060606060606,0.0808080808080808,0.02
"924","1/power.gml",0.228187919463087,0.12751677852349,0.134228187919463,0.03
"925","1/power.gml",0.252525252525253,0.166666666666667,0.151515151515152,0.04
"926","1/power.gml",0.310483870967742,0.19758064516129,0.141129032258065,0.05
"927","1/power.gml",0.346801346801347,0.218855218855219,0.141414141414141,0.06
"928","1/power.gml",0.369942196531792,0.210982658959538,0.158959537572254,0.07
"929","1/power.gml",0.404040404040404,0.232323232323232,0.161616161616162,0.08
"930","1/power.gml",0.440449438202247,0.262921348314607,0.150561797752809,0.09
"931","1/power.gml",0.456565656565657,0.266666666666667,0.153535353535354,0.1
"932","2/web-BerkStan.txt.gz",0.169096209912536,0.0393586005830904,NA,0.001
"933","2/web-BerkStan.txt.gz",0.139314369073669,0.0634573304157549,NA,0.002
"934","2/web-BerkStan.txt.gz",0.126459143968872,0.0471789883268482,NA,0.003
"935","2/web-BerkStan.txt.gz",0.132433418460416,0.0510762495439621,NA,0.004
"936","2/web-BerkStan.txt.gz",0.136854391596148,0.0449372629121681,NA,0.005
"937","2/web-BerkStan.txt.gz",0.128647859922179,0.0391536964980545,NA,0.006
"938","2/web-BerkStan.txt.gz",0.147175317907025,0.0391911611423807,NA,0.007
"939","2/web-BerkStan.txt.gz",0.160707770886538,0.0344764684421744,NA,0.008
"940","2/web-BerkStan.txt.gz",0.155479896238651,0.0312905317769131,NA,0.009
"941","2/web-BerkStan.txt.gz",0.155552312855684,0.0322486502261783,NA,0.01
"942","2/web-BerkStan.txt.gz",0.125720539948924,0.0237139730025538,NA,0.02
"943","2/web-BerkStan.txt.gz",0.123948046894002,0.0187284136790388,NA,0.03
"944","2/web-BerkStan.txt.gz",0.126924480116746,0.0287486318861729,NA,0.04
"945","2/web-BerkStan.txt.gz",0.120249839472302,0.024108341602942,NA,0.05
"946","2/web-BerkStan.txt.gz",0.123777788587829,0.119351072627329,NA,0.06
"947","2/web-BerkStan.txt.gz",0.131569620780954,0.113890799924948,NA,0.07
"948","2/web-BerkStan.txt.gz",0.125285028913333,0.13805432423065,NA,0.08
"949","2/web-BerkStan.txt.gz",0.127709944706588,0.177863177182144,NA,0.09
"950","2/web-BerkStan.txt.gz",0.1244107817813,0.209447922595333,NA,0.1
"951","1/web-NotreDame.txt.gz",0.377300613496933,0.0644171779141104,0.00306748466257669,0.001
"952","1/web-NotreDame.txt.gz",0.355828220858896,0.0552147239263804,0.00153374233128834,0.002
"953","1/web-NotreDame.txt.gz",0.286298568507157,0.0644171779141104,0.00102249488752556,0.003
"954","1/web-NotreDame.txt.gz",0.231772831926324,0.0514198004604758,0.00153491941673062,0.004
"955","1/web-NotreDame.txt.gz",0.189686924493554,0.041743400859423,0.00184162062615101,0.005
"956","1/web-NotreDame.txt.gz",0.173913043478261,0.0378516624040921,0.00153452685421995,0.006
"957","1/web-NotreDame.txt.gz",0.213064445418676,0.0622533976326173,0.00175361683472161,0.007
"958","1/web-NotreDame.txt.gz",0.249424405218726,0.0671527244819647,0.00498848810437452,0.008
"959","1/web-NotreDame.txt.gz",0.256480218281037,0.0716234652114597,0.00477489768076398,0.009
"960","1/web-NotreDame.txt.gz",0.23695518723143,0.0669122160834868,0.00429711479435236,0.01
"961","1/web-NotreDame.txt.gz",0.231465848042978,0.069224865694551,0.00383729854182655,0.02
"962","1/web-NotreDame.txt.gz",0.226258698321736,0.0942488743348342,0.00706099058534589,0.03
"963","1/web-NotreDame.txt.gz",0.234842670759785,0.117191097467383,0.00798158096699923,0.04
"964","1/web-NotreDame.txt.gz",0.26026892613741,0.135261251304722,0.00865721127279425,0.05
"965","1/web-NotreDame.txt.gz",0.299836266884977,0.173045435939419,0.00915882112157184,0.06
"966","1/web-NotreDame.txt.gz",0.312165599508815,0.187001140250855,0.00982369967546706,0.07
"967","1/web-NotreDame.txt.gz",0.3290609770137,0.193138646916612,0.010169231359607,0.08
"968","1/web-NotreDame.txt.gz",0.360519852640196,0.211147496247783,0.0106767635420931,0.09
"969","1/web-NotreDame.txt.gz",0.37583274491143,0.228287231756363,0.012157308200043,0.1
"970","1/web-Stanford.txt.gz",0.234042553191489,0.0425531914893617,0,0.001
"971","1/web-Stanford.txt.gz",0.193262411347518,0.0372340425531915,0,0.002
"972","1/web-Stanford.txt.gz",0.179669030732861,0.0295508274231678,0,0.003
"973","1/web-Stanford.txt.gz",0.187943262411348,0.025709219858156,0,0.004
"974","1/web-Stanford.txt.gz",0.195035460992908,0.0297872340425532,0,0.005
"975","1/web-Stanford.txt.gz",0.209219858156028,0.0395981087470449,0,0.006
"976","1/web-Stanford.txt.gz",0.206686930091185,0.0415400202634245,0,0.007
"977","1/web-Stanford.txt.gz",0.204343971631206,0.038563829787234,0,0.008
"978","1/web-Stanford.txt.gz",0.200157604412924,0.0378250591016548,0,0.009
"979","1/web-Stanford.txt.gz",0.209219858156028,0.0354609929078014,0,0.01
"980","1/web-Stanford.txt.gz",0.217591771590708,0.0484128391558787,0,0.02
"981","1/web-Stanford.txt.gz",0.206550011823126,0.173681721447151,0,0.03
"982","1/web-Stanford.txt.gz",0.203156867961337,0.185776358960717,0.000177352132659395,0.04
"983","1/web-Stanford.txt.gz",0.198141316685585,0.224318955732123,0.00120601589103292,0.05
"984","1/web-Stanford.txt.gz",0.192610109370381,0.279751699674845,0.149866981968667,0.06
"985","1/web-Stanford.txt.gz",0.17670011148272,0.348738218303436,0.340174318435188,0.07
"986","1/web-Stanford.txt.gz",0.167560856648783,0.387132532257349,0.330066953398661,0.08
"987","1/web-Stanford.txt.gz",0.183391139839193,0.370408324136844,0.300764622418414,0.09
"988","1/web-Stanford.txt.gz",0.191656911780355,0.354474832393317,0.275797240253982,0.1
